,r2_train,r2_test,mae_train,mae_test,rmse_train,rmse_test
0,0.7310681133248896,-5.990239634660946,18.39514390204408,29.046168385421698,20.85368093490403,32.03154080968642
