,r2_train,r2_test,mae_train,mae_test,rmse_train,rmse_test
0,0.7433292270742082,-8.392765734367638,15.038033991641404,29.920182392789748,20.372756027840317,37.130307271609134
1,0.9913695717580584,-10.4952372912325,2.267743097422466,29.76666666666667,3.7357495097057662,41.07624808963481
2,0.7521859579645602,-7.8707875941605,15.403190807163766,29.76666666666667,20.01817727278066,36.083851604841435
3,0.9584932634184556,-9.810850963262684,5.0907589489521,29.908507827937623,8.192583369767444,39.834717173981176
4,0.3481351574655608,-7.944454125417792,28.498810770277952,30.061703793501408,32.46686494452529,36.233369126351775
5,0.7039866913879513,-8.47645566168614,15.09107951078963,29.826771290111317,21.878482392237284,37.29535671671625
6,0.4072661702271486,-8.23392647109593,24.823621875122676,30.310589173617643,30.959321388574477,36.815016875035646
7,0.3392349415120145,-7.869965260551682,29.346113015401464,31.320308098759725,32.687756173292144,36.08217905596639
